{"cameraMode":{"drawMode":0,"name":"Shaded","section":"Shading Mode"},"sceneLighting":false,"audioPlay":false,"sceneViewState":{"showFog":true,"showMaterialUpdate":false,"showSkybox":false,"showFlares":true,"showImageEffects":true,"showParticleSystems":true},"in2DMode":false,"pivot":{"x":0.0,"y":0.16974082589149476,"z":0.18050289154052735},"rotation":{"x":-0.20784245431423188,"y":0.18563170731067658,"z":-0.040208443999290469,"w":-0.9595475792884827},"size":1.4518320560455323,"orthographic":false}